<?xml version="1.0" encoding="ISO-8859-1"?>
<book xmlns="http://www.qizx.com/namespace/Tutorial">
  <title>The Magic Labyrinth</title>
  <author>Philip Jos� Farmer</author>
  <publicationDate>MCMLXXX</publicationDate>
  <editions>
    <edition>
      <ISBN>0441515576</ISBN>
      <publisher>Ace Books</publisher>
      <language>English</language>
      <year>1987</year>
    </edition>
    <edition>
      <ISBN>0399123814</ISBN>
      <publisher>Berkley Books</publisher>
      <language>English</language>
      <year>1980</year>
    </edition>
  </editions>
</book>
