<?xml version="1.0" encoding="UTF-8"?>
<!DOCTYPE Configure PUBLIC "-//Jetty//Configure//EN" 
                    "http://www.eclipse.org/jetty/configure.dtd">
<!-- DO NOT EDIT THIS FILE BY HAND! -->
<Configure id="Server" class="org.eclipse.jetty.server.Server">

  <New id="ServerLog" class="java.io.PrintStream">
    <Arg>
      <New class="org.eclipse.jetty.util.RolloverFileOutputStream">
        <!-- Arg type="String" is a trick needed by controlapp. -->
        <Arg type="String">logs/yyyy_mm_dd.errout.log</Arg>
        <Arg type="boolean">false</Arg> <!-- append -->
        <Arg type="int">30</Arg> <!-- retainDays -->
        <Get id="ServerLogName" name="datedFilename"/>
      </New>
    </Arg>
  </New>

  <Call class="org.eclipse.jetty.util.log.Log" name="info"><Arg>Redirecting stderr/stdout to <Ref id="ServerLogName"/></Arg></Call>
  <Call class="java.lang.System" name="setErr"><Arg><Ref id="ServerLog"/></Arg></Call>
  <Call class="java.lang.System" name="setOut"><Arg><Ref id="ServerLog"/></Arg></Call>

  <Set name="ThreadPool">
    <New class="org.eclipse.jetty.util.thread.QueuedThreadPool">
      <Set name="minThreads">10</Set>
      <Set name="maxThreads">200</Set>
    </New>
  </Set>

</Configure>
