<?xml version="1.0" encoding="UTF-8"?>
<!DOCTYPE Configure PUBLIC "-//Jetty//Configure//EN" 
                    "http://www.eclipse.org/jetty/configure.dtd">
<!-- DO NOT EDIT THIS FILE BY HAND! -->
<Configure id="Server" class="org.eclipse.jetty.server.Server">

  <Set name="handler">
    <New id="Handlers" class="org.eclipse.jetty.server.handler.HandlerCollection">
      <Set name="handlers">
       <Array type="org.eclipse.jetty.server.Handler">
         <Item>
           <New id="Contexts" class="org.eclipse.jetty.server.handler.ContextHandlerCollection"/>
         </Item>
         <Item>
           <New id="DefaultHandler" class="org.eclipse.jetty.server.handler.DefaultHandler"/>
         </Item>
       </Array>
      </Set>
    </New>
  </Set>

  <Set name="stopAtShutdown">true</Set>
  <Set name="sendServerVersion">true</Set>
  <Set name="sendDateHeader">true</Set>
  <Set name="gracefulShutdown">1000</Set>

  <Call name="addBean">
    <Arg>
      <New id="DeploymentManager" class="org.eclipse.jetty.deploy.DeploymentManager">
        <Set name="contexts">
          <Ref id="Contexts" />
        </Set>

        <Call name="addAppProvider">
          <Arg>
            <New class="org.eclipse.jetty.deploy.providers.ContextProvider">
              <Set name="monitoredDir"><Property name="jetty.home" default="." />/contexts</Set>
              <!-- No scan after the initial one. -->
              <Set name="scanInterval">0</Set>
            </New>
          </Arg>
        </Call>
      </New>
    </Arg>
  </Call>

</Configure>
